toby,toby@gmail.com,Sydney Children Hospital
toby,toby@gmail.com,UTS Health Service
samuel,samuel@gmail.com,Prince of Wales Hospital
sid,sid@gmail.com,Royal Prince Alfred Hospital
michael,michael@gmail.com,USYD Health Service
anna,anna@gmail.com,UTS Health Service
thomas,thomas@gmail.com,Prince of Wales Hospital
ian,ian@gmail.com,Sydney Children Hospital
gary,gary@gmail.com,Sydney Children Hospital
anna,anna@gmail.com,Sydney Children Hospital
anna,anna@gmail.com,Prince of Wales Hospital
gary,gary@gmail.com,USYD Health Service
